UserName,PhoneNumber
user01,1-708-624-8721
user01,1-281-973-3396
user02,1-443-485-2758
user03,1-222-874-3876
user03,(677) 777-2838
user04,1-515-363-3694
user05,(782) 878-3661
user05,1-575-659-1281
user06,(271) 298-6290
user07,(831) 131-7673
user08,1-312-473-4865
user09,1-787-615-6655
user10,(892) 946-2018
user11,1-871-455-2434
user12,(573) 512-5527
user13,(109) 162-8134
user13,1-456-845-4646
user14,1-731-603-6444
user15,(356) 217-3322
user16,1-259-851-9085
user17,(991) 832-8506
user18,(539) 834-6584
user19,(437) 920-2725
user20,1-642-238-5833
user21,1-464-625-8246
user22,(661) 946-4881
user23,1-312-428-7631
user24,1-883-276-2042
user25,1-284-315-9382
user26,(383) 561-1627
user27,(491) 217-5400
user28,(343) 437-5538
user29,1-170-134-6427
user30,1-405-363-8534
user31,(455) 237-1833
user32,1-149-216-4814
user33,1-111-221-7756
user34,(265) 810-9444
user35,(778) 512-3477
user36,1-201-424-7737
user37,(494) 161-6854
user38,(173) 542-1769
user39,(348) 369-7811
user40,(272) 287-8313
user41,(725) 363-5572
user42,1-248-133-7895
user43,1-662-162-9347
user44,1-446-567-3828
user45,1-874-337-6676
